1,AV Equip
2,AV Technician
3,Blackboards
4,Bulletin boards
5,Carpenter
6,Catered breakfast
7,Catered dinner
8,Catered lunch
9,Copier
10,Decorator
11,Direction signs
12,Disc players
13,Easels or tablets
14,Electrician
15,First Aid
16,Flip chart and markers
17,High speed internet access
18,Installed stage
19,ISDN_Line
20,Laborers
21,LCD_Panel
22,LCD projector
23,Locksmith
24,Messenger service
25,Microphone
26,Musicians/Entertainers
27,Name cards/holders
28,Notary Public
29,Overhead
30,PA_System
31,Pens/Pencils/Pads
32,Photographer
33,Podium
34,Polling devices
35,Portable stage
36,Printing services
37,Projector
38,Projector and screen
39,Rear screen
40,Registration services
41,Security guards
42,Separate entrance
43,Separate registration area
44,Spotlights
45,Stack chairs
46,Stenographer
47,Tables available
48,Tours
49,TV
50,TV production service provider
51,VCR rental
52,Video camera
53,Video conferencing
54,Video conferencing service provider
55,Walkie talkies - radio
56,Walkie talkies - radio service provider
57,Wall charts
58,Whiteboards
59,Dedicated exhibit space
60,Av supply fee
61,PC fee
62,Guest PC fee
63,Guest PC lead time
64,Help desk phone number
65,High speed internet lead time
66,High speed internet provider
67,High speed internet provider name
68,Beer bottle fee
69,Wine bottle fee
70,Call brand cocktail average fee
71,Coffee soda average fee
72,Per person coffee break fee
73,Continental breakfast fee
74,Full breakfast fee
75,Lunch deli buffet fee
76,Premium cocktails fee
77,Largest room
78,Max seating capacity
79,Number breakout rooms
80,Meeting package attendee range
81,Meeting package fee
82,Meeting package inclusions
83,Meeting package name
84,Meeting room contact
85,Meeting room names
86,Meeting room rental packages
87,Meeting room fee
88,Meeting support service codes
89,Three package minimum
90,Meeting floors
91,Number of meeting rooms
92,Other equipment and facilities
93,Screen fee
94,Second largest room
95,Suggestions and info
96,Teleconference service provider
97,Portable wall rooms
98,Non portable wall rooms
99,Total meeting space
100,Number of floors containing meeting space
101,Overhead projector rental charge per day
102,Projector screen rental charge per day
103,Catering
104,Number of meeting service personnel on site
105,Host social function
106,Lobby bulletin board
107,35mm projector
108,PA system installed
109,PA system portable
110,Access to meeting areas
111,Exhibition space on property
112,Certified wedding planner
113,Event lighting services
114,Event planning services
115,Onsite convention services
116,Equipment rental
117,Exhibit services
118,Heating/cooling controls
119,Lectern
120,T1 lines
121,Teleconferencing
122,Platform
123,Voltage available
124,Analog internet connectivity
125,Wireless internet connectivity
126,Natural daylight
127,Group meeting discounts/packages available
128,Meeting support services
129,Audio recording
130,Background music
131,Closed circuit video
132,Video recording
133,Dry erase board with eraser and markers
134,DVD player
135,Laser pointer
136,Monitor cart
137,Powered speaker
138,Projection stand
139,Screen
140,VHS player
141,Group meeting discounts
142,Meeting packages available
143,Meeting planner
144,In-house AV department
145,Outside vendor for AV equipment
146,Personal AV equipment permitted
147,Lighting controls
148,Wireless microphones
149,Monitors
150,Backstage projector
151,Chandelier
152,Perimeter seating
153,Talk show
154,Head table
155,Rear screen projection
156,Riser
157,Dance floor
158,Data projector
159,Laptop computer
160,Easel 
161,35mm projector with remote
162,Blackboard with eraser & chalk
163,Lectern (standing)
164,Lectern (table)
165,Microphone - wired lavaliere
166,Microphone - wired lectern
167,Microphone - wired standing
168,Microphone - wired table
169,Microphone - wireless lavaliere
170,Microphone - wireless lectern
171,Microphone - wireless standing
172,Microphone - wireless table
173,Overhead projector
174,Personal computer - desktop
175,Personal computer - laptop
176,Personal computer - Mac
177,Video monitor
178,LCD TV
179,Plasma TV
180,Outdoor function space
